{"cameraMode":{"drawMode":0,"name":"Shaded","section":"Shading Mode"},"sceneLighting":true,"audioPlay":false,"sceneViewState":{"m_AlwaysRefresh":false,"showFog":true,"showSkybox":true,"showFlares":true,"showImageEffects":true,"showParticleSystems":true,"showVisualEffectGraphs":true,"m_FxEnabled":true},"in2DMode":false,"pivot":{"x":-0.4098762571811676,"y":-0.20938795804977418,"z":1.9559320211410523},"rotation":{"x":-0.11056883633136749,"y":0.015998000279068948,"z":-0.001779864076524973,"w":-0.9937402606010437},"size":9.97974967956543,"orthographic":false}